{"gas_molecules": {"none": {"pdos": {"gas_molecules(d)": {}, "CO2_bent(sp)": {"+": [[0.0, 0.0, 0.0, 0.0, 0.0, 0.0, 0.0, 0.0, 0.0, 0.0, 0.0, 0.0, 0.0, 0.0, 0.04784, 0.0, 0.0, 0.0, 0.0, 0.0, 0.0, 0.0, 0.0, 0.0, 0.0, 0.0, 0.0, 0.0, 0.0, 0.0, 0.0, 0.02167, 0.0, 0.0, 0.0, 0.0, 0.0, 0.0, 0.0, 0.0, 0.0, 0.0, 0.0, 0.0, 0.0, 0.0, 0.0, 0.0, 0.0, 0.0, 0.0, 0.0, 0.0, 0.0, 0.0, 0.0, 0.0, 0.0, 0.0, 0.0, 0.0, 0.0, 0.0, 0.0, 0.0, 0.0, 0.0, 0.0, 0.0, 0.0, 0.0, 0.0, 0.0, 0.0, 0.0, 0.0, 0.0, 0.0, 0.0, 0.0, 0.0, 0.0, 0.0, 0.0, 0.0, 0.0, 0.0, 0.0, 0.0, 0.0, 0.0, 0.0, 0.0, 0.0, 0.0, 0.0, 0.0, 0.0, 0.0, 0.0, 0.0, 0.0, 0.0, 0.0, 0.0, 0.0, 0.0, 0.0, 0.0, 0.0, 0.0, 0.0, 0.0, 0.0, 0.0, 0.0, 0.0, 0.0, 0.0, 0.0, 0.0, 0.0, 0.0, 0.0, 0.0, 0.0, 0.0, 0.0, 0.0, 0.0, 0.0, 0.0, 0.0, 0.0, 0.0, 0.0, 0.0, 0.0, 0.0, 0.0, 0.0, 0.0, 0.0, 0.0, 0.0, 0.0, 0.0, 0.0, 0.0, 0.0, 0.3917, 0.0, 0.0, 0.0, 0.0, 0.0, 0.0, 0.0, 0.0, 0.0, 0.0, 0.0, 0.0, 0.0, 0.0, 0.0, 0.0003588, 0.0, 0.0, 0.0, 0.0, 1.221, 0.0, 0.0, 0.0, 0.0, 0.0, 0.0, 0.0, 0.0, 0.0, 0.0, 0.0, 0.0, 0.0, 0.0, 0.0, 0.0, 0.0, 0.0, 0.0, 0.0, 0.0, 0.0, 0.0, 0.0, 0.0, 0.0, 0.0, 0.0, 0.0, 1.124e-11, 0.04703, 0.0, 0.0, 2.148, 0.0, 0.0, 0.0, 0.0, 0.0, 0.0, 0.0, 0.0, 0.0, 0.0, 0.0, 0.0, 0.0, 0.0, 0.0, 0.0, 0.0, 0.0, 0.0, 0.0, 0.0, 0.0, 0.0, 0.0, 0.0, 0.0, 0.0, 0.0, 0.0, 3.117e-12, 1.688, 0.0, 0.0, 0.0, 0.0, 0.0, 0.0, 0.0, 0.0, 0.0, 0.0, 0.0, 0.0, 0.0, 0.0, 0.0, 0.0, 0.0, 0.0, 0.0, 0.0, 0.0, 0.0, 0.0, 0.0, 0.0, 0.0, 0.0, 0.0, 0.0, 0.0, 0.02021, 0.0, 0.0, 0.0, 0.0, 0.0, 0.0, 0.0, 0.0, 0.0, 0.0, 0.0, 0.0, 0.0, 0.03375, 0.0, 0.0, 0.0, 0.0, 4.475e-10, 0.01753, 0.0, 0.0, 0.0, 0.0, 0.0, 0.0, 0.0, 0.0, 0.0, 0.0, 0.0, 0.0, 0.0]], "-": [[0.0, 0.0, 0.0, 0.0, 0.0, 0.0, 0.0, 0.0, 0.0, 0.0, 0.0, 0.0, 0.0, 0.0, 0.04784, 0.0, 0.0, 0.0, 0.0, 0.0, 0.0, 0.0, 0.0, 0.0, 0.0, 0.0, 0.0, 0.0, 0.0, 0.0, 0.0, 0.02167, 0.0, 0.0, 0.0, 0.0, 0.0, 0.0, 0.0, 0.0, 0.0, 0.0, 0.0, 0.0, 0.0, 0.0, 0.0, 0.0, 0.0, 0.0, 0.0, 0.0, 0.0, 0.0, 0.0, 0.0, 0.0, 0.0, 0.0, 0.0, 0.0, 0.0, 0.0, 0.0, 0.0, 0.0, 0.0, 0.0, 0.0, 0.0, 0.0, 0.0, 0.0, 0.0, 0.0, 0.0, 0.0, 0.0, 0.0, 0.0, 0.0, 0.0, 0.0, 0.0, 0.0, 0.0, 0.0, 0.0, 0.0, 0.0, 0.0, 0.0, 0.0, 0.0, 0.0, 0.0, 0.0, 0.0, 0.0, 0.0, 0.0, 0.0, 0.0, 0.0, 0.0, 0.0, 0.0, 0.0, 0.0, 0.0, 0.0, 0.0, 0.0, 0.0, 0.0, 0.0, 0.0, 0.0, 0.0, 0.0, 0.0, 0.0, 0.0, 0.0, 0.0, 0.0, 0.0, 0.0, 0.0, 0.0, 0.0, 0.0, 0.0, 0.0, 0.0, 0.0, 0.0, 0.0, 0.0, 0.0, 0.0, 0.0, 0.0, 0.0, 0.0, 0.0, 0.0, 0.0, 0.0, 0.0, 0.3917, 0.0, 0.0, 0.0, 0.0, 0.0, 0.0, 0.0, 0.0, 0.0, 0.0, 0.0, 0.0, 0.0, 0.0, 0.0, 0.0003588, 0.0, 0.0, 0.0, 0.0, 1.221, 0.0, 0.0, 0.0, 0.0, 0.0, 0.0, 0.0, 0.0, 0.0, 0.0, 0.0, 0.0, 0.0, 0.0, 0.0, 0.0, 0.0, 0.0, 0.0, 0.0, 0.0, 0.0, 0.0, 0.0, 0.0, 0.0, 0.0, 0.0, 0.0, 1.124e-11, 0.04703, 0.0, 0.0, 2.148, 0.0, 0.0, 0.0, 0.0, 0.0, 0.0, 0.0, 0.0, 0.0, 0.0, 0.0, 0.0, 0.0, 0.0, 0.0, 0.0, 0.0, 0.0, 0.0, 0.0, 0.0, 0.0, 0.0, 0.0, 0.0, 0.0, 0.0, 0.0, 0.0, 3.117e-12, 1.688, 0.0, 0.0, 0.0, 0.0, 0.0, 0.0, 0.0, 0.0, 0.0, 0.0, 0.0, 0.0, 0.0, 0.0, 0.0, 0.0, 0.0, 0.0, 0.0, 0.0, 0.0, 0.0, 0.0, 0.0, 0.0, 0.0, 0.0, 0.0, 0.0, 0.0, 0.02021, 0.0, 0.0, 0.0, 0.0, 0.0, 0.0, 0.0, 0.0, 0.0, 0.0, 0.0, 0.0, 0.0, 0.03504, 0.0, 0.0, 0.0, 0.0, 5.448e-09, 0.01753, 0.0, 0.0, 0.0, 0.0, 0.0, 0.0, 0.0, 0.0, 0.0, 0.0, 0.0, 0.0, 0.0]]}}, "energies_ads": [-21.74268137, -21.636681369999998, -21.530681370000003, -21.424681370000002, -21.31868137, -21.21268137, -21.106681369999997, -21.000681370000002, -20.89468137, -20.78868137, -20.682681369999997, -20.576681370000003, -20.47168137, -20.365681369999997, -20.259681370000003, -20.15368137, -20.04768137, -19.941681369999998, -19.835681370000003, -19.72968137, -19.62368137, -19.51768137, -19.411681370000004, -19.305681370000002, -19.19968137, -19.09368137, -18.988681370000002, -18.88268137, -18.77668137, -18.670681369999997, -18.564681370000002, -18.45868137, -18.35268137, -18.246681369999997, -18.140681370000003, -18.03468137, -17.92868137, -17.822681369999998, -17.716681370000003, -17.610681370000002, -17.50468137, -17.399681370000003, -17.29368137, -17.18768137, -17.08168137, -16.975681370000004, -16.869681370000002, -16.76368137, -16.65768137, -16.551681369999997, -16.445681370000003, -16.33968137, -16.23368137, -16.127681369999998, -16.021681370000003, -15.916681370000001, -15.81068137, -15.704681370000001, -15.59868137, -15.492681370000001, -15.38668137, -15.280681370000002, -15.17468137, -15.068681370000002, -14.96268137, -14.856681369999999, -14.75068137, -14.644681369999999, -14.53868137, -14.43268137, -14.327681369999999, -14.22168137, -14.115681369999999, -14.009681370000001, -13.90368137, -13.797681370000001, -13.69168137, -13.585681370000001, -13.47968137, -13.373681370000002, -13.26768137, -13.161681370000002, -13.05568137, -12.949681369999999, -12.84368137, -12.73868137, -12.632681370000002, -12.52668137, -12.420681369999999, -12.31468137, -12.208681369999999, -12.10268137, -11.99668137, -11.890681370000001, -11.78468137, -11.678681370000001, -11.57268137, -11.466681370000002, -11.36068137, -11.25568137, -11.149681370000001, -11.04368137, -10.937681370000002, -10.83168137, -10.725681370000002, -10.61968137, -10.513681369999999, -10.40768137, -10.301681369999999, -10.19568137, -10.08968137, -9.983681370000001, -9.87768137, -9.771681370000001, -9.666681370000001, -9.56068137, -9.454681370000001, -9.34868137, -9.242681370000001, -9.13668137, -9.030681370000002, -8.92468137, -8.818681370000002, -8.71268137, -8.606681369999999, -8.50068137, -8.394681369999999, -8.28868137, -8.18368137, -8.077681369999999, -7.971681370000001, -7.865681369999999, -7.759681370000001, -7.653681370000001, -7.547681370000001, -7.4416813699999995, -7.33568137, -7.22968137, -7.12368137, -7.01768137, -6.91168137, -6.80568137, -6.69968137, -6.59468137, -6.48868137, -6.38268137, -6.27668137, -6.1706813700000005, -6.064681370000001, -5.958681370000001, -5.852681370000001, -5.746681370000001, -5.640681370000001, -5.5346813699999995, -5.42868137, -5.32268137, -5.21668137, -5.111681370000001, -5.00568137, -4.89968137, -4.79368137, -4.68768137, -4.58168137, -4.47568137, -4.36968137, -4.2636813700000005, -4.157681370000001, -4.051681370000001, -3.945681370000001, -3.839681370000001, -3.733681370000001, -3.6276813700000012, -3.522681370000001, -3.416681370000001, -3.310681370000001, -3.204681370000001, -3.0986813699999995, -2.9926813699999997, -2.88668137, -2.78068137, -2.67468137, -2.56868137, -2.4626813700000003, -2.3566813700000004, -2.2506813700000006, -2.1446813700000007, -2.038681370000001, -1.9336813700000004, -1.8276813700000005, -1.7216813700000007, -1.6156813700000008, -1.509681370000001, -1.403681370000001, -1.2976813700000012, -1.1916813699999995, -1.0856813699999996, -0.9796813699999998, -0.8736813699999999, -0.76768137, -0.6616813700000002, -0.5556813700000003, -0.45068136999999986, -0.34468137, -0.23868137000000011, -0.13268137000000024, -0.02668137000000037, 0.0793186299999995, 0.18531862999999937, 0.29131862999999925, 0.39731863, 0.5033186299999999, 0.6093186299999998, 0.7153186299999996, 0.8213186299999995, 0.9273186299999994, 1.0333186299999992, 1.1383186299999997, 1.2443186299999995, 1.3503186299999994, 1.4563186299999993, 1.56231863, 1.66831863, 1.7743186299999998, 1.8803186299999997, 1.9863186299999995, 2.0923186299999994, 2.1983186299999993, 2.30431863, 2.41031863, 2.51631863, 2.6213186299999993, 2.727318629999999, 2.83331863, 2.93931863, 3.0453186299999997, 3.1513186299999996, 3.2573186299999994, 3.3633186299999993, 3.46931863, 3.57531863, 3.68131863, 3.7873186299999997, 3.8933186299999996, 3.9993186299999994, 4.105318629999999, 4.21031863, 4.31631863, 4.4223186299999995, 4.528318629999999, 4.634318629999999, 4.740318629999999, 4.84631863, 4.95231863, 5.05831863, 5.1643186299999995, 5.27031863, 5.37631863, 5.48231863, 5.58831863, 5.69331863, 5.79931863, 5.90531863, 6.01131863, 6.11731863, 6.22331863, 6.3293186299999995, 6.435318629999999, 6.541318629999999, 6.647318629999999, 6.75331863, 6.85931863, 6.96531863, 7.0713186299999995, 7.177318629999999, 7.28231863, 7.38831863, 