{"211": {"Ag": 0.8198662179770049, "Au": 0.8557327446694813, "Cu": 0.7997473692272877, "Pd": 0.19953112985909705, "Pt": 0.5077509881211371}, "100": {"Ag": 0.6850673894011272, "Au": 0.7747270533917525, "Cu": 0.7623322949464736, "Pd": 0.32493141197944153, "Pt": 0.5690011064322105}, "1_1": {"Fe": -0.04587329297127413, "Ni": -0.7049070865665381}, "1_2": {"Ni": -0.3315897553800787}, "1_3": {"Fe": -0.07269911002994006}, "2_1": {"Fe": 1.0687327802343105, "Ni": 0.6749013680554554}, "2_2": {"Fe": 1.1537625558144429, "Ni": 0.7882778786036899}, "2_3": {"Fe": 0.7959592466958819, "Ni": 0.7311567774129877}, "2_4": {"Fe": 1.0413772964289014, "Ni": 1.077635920658501}}