{"Co": {"1": {"1": 0.0, "2": -1.000003, "3": 2.3376521}, "2": {"1": 1.9999935, "2": 1.0000002, "3": 0.1468296, "4": 1.0000031}}, "undoped": {"1": {"1": 4.84e-05, "2": 1.9963262, "3": 0.0005455}, "2": {"1": 1.0000015, "2": 0.0, "3": 1.0000243, "4": 0.0}}, "Fe": {"1": {"1": -0.9724226, "2": 0.0}, "2": {"0": 0.0, "1": 2.9999983, "2": 2.0639529, "3": 3.0000026, "4": 2.0000032}}, "Ni": {"1": {"1": -1.0000007, "2": 0.0, "3": 2.0710212}, "2": {"0": 0.3354385, "1": 0.9984678, "2": 0.0, "3": 0.0002645, "4": 0.0}}, "Ni_nonorth": {"2": {"0": 5e-07, "2": 3e-07, "3": 1e-07, "4": 5e-07}, "1": {"0": 0.0, "1": 0.9999882, "3": 1.6256052}}, "V": {"1": {"1": 1.9999955, "2": 2.9932599, "3": 2.745404}, "2": {"1": -0.0004462, "2": 1.0742917, "3": 1.9998701, "4": 2.9989834}}, "Mn": {"1": {"1": 1.9999943, "2": 1.0001902, "3": 0.5691784}, "2": {"1": 3.9999926, "2": 3.0361085, "3": 3.9974068, "4": -3.0019087}}, "Rh": {"1": {"1": 0.0, "2": 0.9999957, "3": 1.9991609}, "2": {"1": 0.0, "2": 0.9999989, "3": 0.0, "4": -0.9988194}}, "Ru": {"1": {"1": 0.7433614, "2": 0.0, "3": 1.3e-06}, "2": {"1": 0.9999916, "2": 2.0, "3": 1.0067506, "4": 0.0}}, "Ti": {"1": {"1": -0.9999238, "2": -1.6620945, "3": -1.7028341}, "2": {"1": 0.9601503, "2": 0.0, "3": 0.9990073, "4": 1.6680891}}, "Cr": {"1": {"1": 2.9999896, "2": 3.6663434, "3": 4.0071247}, "2": {"1": 2.9999822, "2": 3.9999344, "3": 3.0112181, "4": 3.9995284}}, "Fe_nonorth": {"1": {"1": 0.9627233, "2": 1e-07, "3": 0.0}, "2": {"1": 3.0004007, "2": 2.6143544, "3": 2.27351, "4": 2.0000563}}}