{"211": {"Ag": -0.35925645682216156, "Au": -0.30103028424770223, "Cu": -0.22074816955865795, "Pd": -0.13888536622128372, "Pt": -0.09815493980751838}, "100": {"Ag": -0.3732790635165234, "Au": -0.21051578318275216, "Cu": -0.2548130121250508, "Pd": -0.14397573817024412, "Pt": -0.13377124959064596}, "1_1": {"Fe": -0.3548422341093055, "Ni": -0.21437445168199448}, "1_2": {"Ni": -0.3196183845849725}, "1_3": {"Fe": -0.10776664914396503}, "2_1": {"Fe": -0.38182643678657086, "Ni": -0.4273060181865471}, "2_2": {"Fe": -0.4948769531342355, "Ni": -0.4746675147954033}, "2_3": {"Fe": -0.10506719475903603, "Ni": -0.4934525542828311}, "2_4": {"Fe": -0.29938361692386295, "Ni": -0.4944638793249562}}