{"211": {"Ag": 1.1598519289401628, "Au": 1.195718455632639, "Cu": 1.1397330801904455, "Pd": 0.5395168408222548, "Pt": 0.8477366990842948}, "100": {"Ag": 1.025053100364285, "Au": 1.1147127643549104, "Cu": 1.1023180059096314, "Pd": 0.6649171229425994, "Pt": 0.9089868173953684}, "1_1": {"Fe": 0.29411241799188426, "Ni": -0.3649213756033808}, "1_2": {"Ni": 0.008395955583077597}, "1_3": {"Fe": 0.26728660093321777}, "2_1": {"Fe": 1.4087184911974693, "Ni": 1.0148870790186129}, "2_2": {"Fe": 1.4937482667776014, "Ni": 1.1282635895668478}, "2_3": {"Fe": 1.1359449576590388, "Ni": 1.0711424883761456}, "2_4": {"Fe": 1.3813630073920597, "Ni": 1.417621631621659}}